[
  {
    "id": "6f2272e4-1e63-4ba2-ba9c-153ca9a78ab0",
    "data": [
      {
        "text": "channels",
        "userDefined": false
      }
    ],
    "isTemplate": false,
    "count": 0,
    "updated": 1538923486
  },
  {
    "id": "69a9cdce-22cf-496d-bce3-be5050f9a3b3",
    "data": [
      {
        "text": "channel list",
        "userDefined": false
      }
    ],
    "isTemplate": false,
    "count": 0,
    "updated": 1538921607
  },
  {
    "id": "38771e49-f619-499e-a1ac-4a3ff402f22f",
    "data": [
      {
        "text": "my channel",
        "userDefined": false
      }
    ],
    "isTemplate": false,
    "count": 0,
    "updated": 1538921607
  }
]