[
  {
    "id": "1ca16842-44f2-4c41-b09c-774fcf94e4df",
    "data": [
      {
        "text": "1",
        "alias": "channel-name",
        "meta": "@sys.any",
        "userDefined": false
      }
    ],
    "isTemplate": false,
    "count": 0,
    "updated": 1538923712
  },
  {
    "id": "2410af34-1ba9-4df0-ab1c-36ded7a8b760",
    "data": [
      {
        "text": "bersama",
        "alias": "channel-name",
        "meta": "@sys.any",
        "userDefined": true
      }
    ],
    "isTemplate": false,
    "count": 0,
    "updated": 1538923712
  },
  {
    "id": "8a3d4979-4a0e-42be-bbfb-63f83cc3c03e",
    "data": [
      {
        "text": "bertiga",
        "alias": "channel-name",
        "meta": "@sys.any",
        "userDefined": true
      }
    ],
    "isTemplate": false,
    "count": 0,
    "updated": 1538923712
  },
  {
    "id": "9cb6110e-5f09-4ba1-8c82-ffa550049002",
    "data": [
      {
        "text": "singapore",
        "alias": "channel-name",
        "meta": "@sys.any",
        "userDefined": true
      }
    ],
    "isTemplate": false,
    "count": 0,
    "updated": 1538923712
  },
  {
    "id": "1ecc159d-49dc-4070-8e5f-f9eeaf80aa3a",
    "data": [
      {
        "text": "hangout",
        "alias": "channel-name",
        "meta": "@sys.any",
        "userDefined": true
      }
    ],
    "isTemplate": false,
    "count": 0,
    "updated": 1538923712
  },
  {
    "id": "0929d332-7bd0-4fc3-8cc6-3681a9dfa474",
    "data": [
      {
        "text": "testing",
        "alias": "channel-name",
        "meta": "@sys.any",
        "userDefined": true
      }
    ],
    "isTemplate": false,
    "count": 0,
    "updated": 1538923712
  },
  {
    "id": "5fb55c95-8705-4b89-b3ce-0d20fa54176d",
    "data": [
      {
        "text": "patrons",
        "alias": "channel-name",
        "meta": "@sys.any",
        "userDefined": true
      }
    ],
    "isTemplate": false,
    "count": 0,
    "updated": 1538328177
  },
  {
    "id": "79e3e462-089a-49c6-af3e-c8e934852401",
    "data": [
      {
        "text": "splity",
        "alias": "channel-name",
        "meta": "@sys.any",
        "userDefined": true
      }
    ],
    "isTemplate": false,
    "count": 0,
    "updated": 1538328177
  }
]