[
  {
    "id": "25129e7b-dbb7-4ccb-baef-093fddb18f8b",
    "data": [
      {
        "text": "I\u0027m ",
        "userDefined": false
      },
      {
        "text": "Budi",
        "alias": "creditor-name",
        "meta": "@sys.given-name",
        "userDefined": true
      }
    ],
    "isTemplate": false,
    "count": 0,
    "updated": 1538929892
  },
  {
    "id": "c9084a74-c2c2-403c-9597-c549fa8d08ac",
    "data": [
      {
        "text": "Fakhri",
        "alias": "creditor-name",
        "meta": "@sys.given-name",
        "userDefined": true
      }
    ],
    "isTemplate": false,
    "count": 0,
    "updated": 1538929892
  },
  {
    "id": "f4dcf59e-df4b-4b68-b292-bb17622401c7",
    "data": [
      {
        "text": "Robin",
        "alias": "creditor-name",
        "meta": "@sys.given-name",
        "userDefined": false
      }
    ],
    "isTemplate": false,
    "count": 0,
    "updated": 1538929892
  },
  {
    "id": "87a7a3e7-71bb-4547-975f-922db1479561",
    "data": [
      {
        "text": "test",
        "alias": "transaction-name",
        "meta": "@sys.any",
        "userDefined": false
      }
    ],
    "isTemplate": false,
    "count": 0,
    "updated": 0
  },
  {
    "id": "a04cb772-084b-4321-b957-dbf602cd0f88",
    "data": [
      {
        "text": "mamam",
        "alias": "transaction-name",
        "meta": "@sys.any",
        "userDefined": false
      }
    ],
    "isTemplate": false,
    "count": 0,
    "updated": 0
  },
  {
    "id": "4c9778e8-2ef2-4941-b667-baa896797214",
    "data": [
      {
        "text": "makan singapore",
        "alias": "transaction-name",
        "meta": "@sys.any",
        "userDefined": false
      }
    ],
    "isTemplate": false,
    "count": 0,
    "updated": 0
  },
  {
    "id": "9ad00e5a-8221-407f-9124-85a187a25641",
    "data": [
      {
        "text": "Rp",
        "userDefined": false
      },
      {
        "text": "18000",
        "alias": "transaction-amount",
        "meta": "@sys.number",
        "userDefined": true
      }
    ],
    "isTemplate": false,
    "count": 0,
    "updated": 1538926901
  },
  {
    "id": "dca150b4-6ad8-4ebe-a67c-890ee96bab8c",
    "data": [
      {
        "text": "key ",
        "userDefined": false
      },
      {
        "text": "4615",
        "alias": "channel-key",
        "meta": "@sys.number",
        "userDefined": true
      }
    ],
    "isTemplate": false,
    "count": 0,
    "updated": 1538929892
  },
  {
    "id": "354f1997-bc13-42cd-be8e-38276093cd46",
    "data": [
      {
        "text": "4124",
        "alias": "channel-key",
        "meta": "@sys.number",
        "userDefined": true
      }
    ],
    "isTemplate": false,
    "count": 0,
    "updated": 1538929892
  },
  {
    "id": "ddca2bb6-eed1-4b6f-a7f1-69dd6aeadef1",
    "data": [
      {
        "text": "50000",
        "alias": "transaction-amount",
        "meta": "@sys.number",
        "userDefined": false
      }
    ],
    "isTemplate": false,
    "count": 1,
    "updated": 1538923233
  },
  {
    "id": "e823deb6-0185-4691-992c-957e1c0219ec",
    "data": [
      {
        "text": "3212",
        "alias": "channel-key",
        "meta": "@sys.number",
        "userDefined": true
      }
    ],
    "isTemplate": false,
    "count": 0,
    "updated": 1538929892
  },
  {
    "id": "62bc4e2d-d8b7-4cd0-9608-ae68e0b05c39",
    "data": [
      {
        "text": "sundate",
        "alias": "transaction-name",
        "meta": "@sys.any",
        "userDefined": true
      }
    ],
    "isTemplate": false,
    "count": 0,
    "updated": 1538923233
  },
  {
    "id": "418c2918-f937-4968-8252-63a54fe8cb41",
    "data": [
      {
        "text": "singapore",
        "alias": "transaction-name",
        "meta": "@sys.any",
        "userDefined": true
      }
    ],
    "isTemplate": false,
    "count": 0,
    "updated": 1538923233
  },
  {
    "id": "abf23e4d-db94-4977-b4eb-b1d4b5f49bfe",
    "data": [
      {
        "text": "hangout",
        "alias": "transaction-name",
        "meta": "@sys.any",
        "userDefined": true
      }
    ],
    "isTemplate": false,
    "count": 0,
    "updated": 1538923233
  },
  {
    "id": "3ee6691f-6ab6-4b0b-b1ea-8137208d562b",
    "data": [
      {
        "text": "IDR ",
        "userDefined": false
      },
      {
        "text": "10,000,000",
        "alias": "transaction-amount",
        "meta": "@sys.number",
        "userDefined": true
      }
    ],
    "isTemplate": false,
    "count": 0,
    "updated": 1538495979
  },
  {
    "id": "e7163059-76f3-4da7-a285-25dca561381e",
    "data": [
      {
        "text": "1 Oct 2018",
        "meta": "@sys.ignore",
        "userDefined": true
      }
    ],
    "isTemplate": false,
    "count": 0,
    "updated": 1538495979
  },
  {
    "id": "9503925b-6080-4486-89e0-17d38a714f7c",
    "data": [
      {
        "text": "clothes",
        "alias": "transaction-name",
        "meta": "@sys.any",
        "userDefined": true
      }
    ],
    "isTemplate": false,
    "count": 0,
    "updated": 1538583407
  }
]