[
  {
    "id": "786d3a0d-4438-43a6-af25-1510eaed7a3f",
    "data": [
      {
        "text": "my status",
        "userDefined": false
      }
    ],
    "isTemplate": false,
    "count": 0,
    "updated": 1538923756
  },
  {
    "id": "2702eae2-ef8d-44f2-a540-10f787a00936",
    "data": [
      {
        "text": "credit",
        "meta": "@sys.ignore",
        "userDefined": false
      },
      {
        "text": " and debit status",
        "userDefined": false
      }
    ],
    "isTemplate": false,
    "count": 0,
    "updated": 1538923756
  },
  {
    "id": "63261ef5-f845-4fd7-ae01-59ced66e04db",
    "data": [
      {
        "text": "credit",
        "meta": "@sys.ignore",
        "userDefined": true
      },
      {
        "text": " status",
        "userDefined": false
      }
    ],
    "isTemplate": false,
    "count": 0,
    "updated": 1538842053
  },
  {
    "id": "fb4cf6e1-3eb9-4f49-b86c-ca06b2a5120b",
    "data": [
      {
        "text": "What\u0027s my ",
        "userDefined": false
      },
      {
        "text": "balance",
        "meta": "@sys.ignore",
        "userDefined": true
      },
      {
        "text": " status?",
        "userDefined": false
      }
    ],
    "isTemplate": false,
    "count": 0,
    "updated": 1538842053
  },
  {
    "id": "05e813a4-6e57-4d18-808f-d05a280d6e6b",
    "data": [
      {
        "text": "status",
        "userDefined": false
      }
    ],
    "isTemplate": false,
    "count": 0,
    "updated": 1538841897
  },
  {
    "id": "d6b14db1-093a-4bc1-a032-7749e4560d3e",
    "data": [
      {
        "text": "What\u0027s my ",
        "userDefined": false
      },
      {
        "text": "debt",
        "meta": "@sys.ignore",
        "userDefined": true
      },
      {
        "text": " status?",
        "userDefined": false
      }
    ],
    "isTemplate": false,
    "count": 0,
    "updated": 1538842053
  },
  {
    "id": "05ef62d6-5955-4d30-9a53-8e358c4105ff",
    "data": [
      {
        "text": "debt",
        "meta": "@sys.ignore",
        "userDefined": true
      },
      {
        "text": " status",
        "userDefined": false
      }
    ],
    "isTemplate": false,
    "count": 0,
    "updated": 1538842053
  }
]