[
  {
    "id": "50b77d88-a0ee-40dc-b682-fca1df5e3b3d",
    "data": [
      {
        "text": "mulai",
        "userDefined": false
      }
    ],
    "isTemplate": false,
    "count": 0,
    "updated": 1538923870
  },
  {
    "id": "7f241108-2474-46e4-a3f8-616f2689387c",
    "data": [
      {
        "text": "rule",
        "userDefined": false
      }
    ],
    "isTemplate": false,
    "count": 0,
    "updated": 1538923870
  },
  {
    "id": "c3315082-2465-45b1-9fa9-bd410e195236",
    "data": [
      {
        "text": "petunjuk",
        "userDefined": false
      }
    ],
    "isTemplate": false,
    "count": 0,
    "updated": 1538923870
  },
  {
    "id": "52e68a77-d4cf-46fc-9e64-cff75d4926df",
    "data": [
      {
        "text": "clue",
        "userDefined": false
      }
    ],
    "isTemplate": false,
    "count": 0,
    "updated": 1538923870
  },
  {
    "id": "5ae45d70-f3dc-45ec-88b3-5641c3d5b839",
    "data": [
      {
        "text": "get started",
        "userDefined": false
      }
    ],
    "isTemplate": false,
    "count": 0,
    "updated": 1538923870
  },
  {
    "id": "961af505-60f7-46c7-a965-dd830194f1d1",
    "data": [
      {
        "text": "getting started",
        "userDefined": false
      }
    ],
    "isTemplate": false,
    "count": 0,
    "updated": 1538923870
  },
  {
    "id": "a00c4742-3529-41c3-b4e5-8b92ddcee5a1",
    "data": [
      {
        "text": "instruction",
        "userDefined": false
      }
    ],
    "isTemplate": false,
    "count": 0,
    "updated": 1538581973
  },
  {
    "id": "e8d4d7f9-ae43-4f1d-9cec-71080e57e964",
    "data": [
      {
        "text": "help",
        "userDefined": false
      }
    ],
    "isTemplate": false,
    "count": 0,
    "updated": 1538581973
  }
]