[
  {
    "id": "7fdeed4f-782e-43c7-a2f5-fcc2c93bc88f",
    "data": [
      {
        "text": "finish transaction",
        "userDefined": false
      }
    ],
    "isTemplate": false,
    "count": 0,
    "updated": 1538924510
  },
  {
    "id": "2ad902bc-ec19-4b32-ab80-e00785757d60",
    "data": [
      {
        "text": "close transaction",
        "userDefined": false
      }
    ],
    "isTemplate": false,
    "count": 0,
    "updated": 1538924510
  },
  {
    "id": "c7290fb3-bdd6-40b4-9b05-c0c84bd96ec6",
    "data": [
      {
        "text": "settle ",
        "userDefined": false
      },
      {
        "text": "debt",
        "meta": "@sys.ignore",
        "userDefined": false
      },
      {
        "text": " from ",
        "userDefined": false
      },
      {
        "text": "dialogflow",
        "alias": "channel-name",
        "meta": "@sys.any",
        "userDefined": true
      },
      {
        "text": " for ",
        "userDefined": false
      },
      {
        "text": "eating",
        "alias": "transaction-name",
        "meta": "@sys.any",
        "userDefined": true
      },
      {
        "text": " bill ",
        "userDefined": false
      },
      {
        "text": "on 18 Jan 2018",
        "alias": "transaction-date",
        "meta": "@sys.date",
        "userDefined": false
      }
    ],
    "isTemplate": false,
    "count": 0,
    "updated": 1538924465
  },
  {
    "id": "48e8e703-96c7-48d7-99de-97094948aea8",
    "data": [
      {
        "text": "settle debt",
        "userDefined": false
      }
    ],
    "isTemplate": false,
    "count": 0,
    "updated": 1538841266
  }
]