[
  {
    "id": "06ebb93d-0548-4bee-b1d2-f3db15cef78b",
    "data": [
      {
        "text": "splity",
        "userDefined": false
      }
    ],
    "isTemplate": false,
    "count": 0,
    "updated": 1538328833
  },
  {
    "id": "5f57923d-81d0-449c-a808-52ffe1459fcc",
    "data": [
      {
        "text": "hey",
        "userDefined": false
      }
    ],
    "isTemplate": false,
    "count": 0,
    "updated": 1538320929
  },
  {
    "id": "422fe040-0f20-45a7-9074-6c3358cfbe67",
    "data": [
      {
        "text": "hi",
        "userDefined": false
      }
    ],
    "isTemplate": false,
    "count": 0,
    "updated": 1538320929
  }
]