[
  {
    "id": "eb9f2082-00d5-4257-808b-ebe5d77450e5",
    "data": [
      {
        "text": "add ",
        "userDefined": false
      },
      {
        "text": "bill",
        "meta": "@sys.ignore",
        "userDefined": false
      }
    ],
    "isTemplate": false,
    "count": 1,
    "updated": 1538494934
  },
  {
    "id": "78b7248f-41a2-44a7-97b1-08ed802edc4c",
    "data": [
      {
        "text": "add transaction",
        "userDefined": false
      }
    ],
    "isTemplate": false,
    "count": 0,
    "updated": 1538922342
  },
  {
    "id": "75ef4c25-5c9d-4128-8f55-0089e185a952",
    "data": [
      {
        "text": "create transaction",
        "userDefined": false
      }
    ],
    "isTemplate": false,
    "count": 0,
    "updated": 1538922342
  },
  {
    "id": "9245c220-8df0-4ec2-9f3e-7d3d341cd81a",
    "data": [
      {
        "text": "create ",
        "userDefined": false
      },
      {
        "text": "bill",
        "meta": "@sys.ignore",
        "userDefined": false
      }
    ],
    "isTemplate": false,
    "count": 0,
    "updated": 1538494934
  }
]