[
  {
    "id": "34c67548-3565-4b6b-8554-1ecff7b13173",
    "data": [
      {
        "text": "I want to see my bill recap for ",
        "userDefined": false
      },
      {
        "text": "hotel",
        "alias": "transaction-name",
        "meta": "@sys.any",
        "userDefined": true
      },
      {
        "text": " transaction in channel ",
        "userDefined": false
      },
      {
        "text": "training",
        "alias": "channel-name",
        "meta": "@sys.any",
        "userDefined": true
      }
    ],
    "isTemplate": false,
    "count": 0,
    "updated": 1539094400
  },
  {
    "id": "d78d87ca-c41a-49ad-bbc4-22b1d1a4e2cc",
    "data": [
      {
        "text": "bill list in ",
        "userDefined": false
      },
      {
        "text": "yahoo",
        "alias": "channel-name",
        "meta": "@sys.any",
        "userDefined": true
      },
      {
        "text": " channel",
        "userDefined": false
      }
    ],
    "isTemplate": false,
    "count": 0,
    "updated": 1539094400
  },
  {
    "id": "8370e68c-edd5-4f02-8ed1-aa0499942f72",
    "data": [
      {
        "text": "bill",
        "meta": "@sys.ignore",
        "userDefined": false
      },
      {
        "text": " recap",
        "userDefined": false
      }
    ],
    "isTemplate": false,
    "count": 0,
    "updated": 1539094400
  }
]