[
  {
    "id": "9807c0f3-6f5a-40fa-9f7f-6a086a4fa2aa",
    "data": [
      {
        "text": "payment list",
        "userDefined": false
      }
    ],
    "isTemplate": false,
    "count": 0,
    "updated": 1538906859
  },
  {
    "id": "a0a8613d-517d-40ec-9b36-b8be9d1636f4",
    "data": [
      {
        "text": "I confirm payment at ",
        "userDefined": false
      },
      {
        "text": "Patrons",
        "alias": "channel-name",
        "meta": "@sys.any",
        "userDefined": true
      },
      {
        "text": " channel for ",
        "userDefined": false
      },
      {
        "text": "hangout",
        "alias": "transaction-name",
        "meta": "@sys.any",
        "userDefined": true
      },
      {
        "text": " at ",
        "userDefined": false
      },
      {
        "text": "5 Oct",
        "alias": "transaction-date",
        "meta": "@sys.date",
        "userDefined": true
      },
      {
        "text": " from ",
        "userDefined": false
      },
      {
        "text": "Stella",
        "alias": "payer-name",
        "meta": "@sys.any",
        "userDefined": true
      },
      {
        "text": " : ",
        "userDefined": false
      },
      {
        "text": "IDR 500,000",
        "alias": "payer-name",
        "meta": "@sys.any",
        "userDefined": true
      }
    ],
    "isTemplate": false,
    "count": 0,
    "updated": 1538906859
  },
  {
    "id": "9403e127-8e3d-448e-99df-263dba0f5d18",
    "data": [
      {
        "text": "I confirm ",
        "userDefined": false
      },
      {
        "text": "10,000",
        "alias": "payer-amount",
        "meta": "@sys.number",
        "userDefined": true
      },
      {
        "text": " from ",
        "userDefined": false
      },
      {
        "text": "Stella",
        "alias": "payer-name",
        "meta": "@sys.any",
        "userDefined": true
      }
    ],
    "isTemplate": false,
    "count": 0,
    "updated": 1538841069
  },
  {
    "id": "d56de35d-c41b-4853-9695-a8a8d277fbc9",
    "data": [
      {
        "text": "confirm payment",
        "userDefined": false
      }
    ],
    "isTemplate": false,
    "count": 0,
    "updated": 1538841069
  }
]