[
  {
    "id": "8b12f4d8-e79a-4035-a344-fb99da1fbc1c",
    "data": [
      {
        "text": "Create channel",
        "userDefined": false
      }
    ],
    "isTemplate": false,
    "count": 0,
    "updated": 1539093230
  },
  {
    "id": "d5c3f820-5070-48fd-9738-ef7f64b677b1",
    "data": [
      {
        "text": "start channel",
        "userDefined": false
      }
    ],
    "isTemplate": false,
    "count": 0,
    "updated": 1538923643
  },
  {
    "id": "81cfd48d-56de-4e5e-9e9c-18d5ce0bddfb",
    "data": [
      {
        "text": "add channel",
        "userDefined": false
      }
    ],
    "isTemplate": false,
    "count": 0,
    "updated": 1538327484
  },
  {
    "id": "558d8c4f-0b0e-48d9-928f-eccfb88f1427",
    "data": [
      {
        "text": "add new channel",
        "userDefined": false
      }
    ],
    "isTemplate": false,
    "count": 0,
    "updated": 1538327484
  },
  {
    "id": "c0187016-49b5-4ef4-abf6-681ad0eef7b8",
    "data": [
      {
        "text": "create new channel",
        "userDefined": false
      }
    ],
    "isTemplate": false,
    "count": 0,
    "updated": 1538327484
  },
  {
    "id": "d93c5cd1-003f-4e29-80c5-cf6c6298163d",
    "data": [
      {
        "text": "new channel",
        "userDefined": false
      }
    ],
    "isTemplate": false,
    "count": 0,
    "updated": 1538327484
  }
]