[
  {
    "id": "af4d9817-4316-4a2a-9941-7116a909eb10",
    "data": [
      {
        "text": "join channel ",
        "userDefined": false
      },
      {
        "text": "IT",
        "alias": "channel-name",
        "meta": "@sys.any",
        "userDefined": true
      },
      {
        "text": " with password ",
        "userDefined": false
      },
      {
        "text": "0123",
        "alias": "channel-key",
        "meta": "@sys.number",
        "userDefined": true
      }
    ],
    "isTemplate": false,
    "count": 0,
    "updated": 1538924001
  },
  {
    "id": "03b587ed-5489-4d5e-b5c6-23445b73e2af",
    "data": [
      {
        "text": "test",
        "alias": "channel-name",
        "meta": "@sys.any",
        "userDefined": true
      },
      {
        "text": " channel with password ",
        "userDefined": false
      },
      {
        "text": "1111",
        "alias": "channel-key",
        "meta": "@sys.number",
        "userDefined": false
      }
    ],
    "isTemplate": false,
    "count": 0,
    "updated": 1538924001
  },
  {
    "id": "62e0c298-825a-4c46-b7ef-636b7e1fe3ff",
    "data": [
      {
        "text": "f10 hackathon",
        "alias": "channel-name",
        "meta": "@sys.any",
        "userDefined": true
      },
      {
        "text": " and ",
        "userDefined": false
      },
      {
        "text": "5510",
        "alias": "channel-key",
        "meta": "@sys.number",
        "userDefined": true
      }
    ],
    "isTemplate": false,
    "count": 0,
    "updated": 1538853054
  },
  {
    "id": "8406823d-e849-43ee-b18a-326cf62f6330",
    "data": [
      {
        "text": "Channel name : ",
        "userDefined": false
      },
      {
        "text": "Line",
        "alias": "channel-name",
        "meta": "@sys.any",
        "userDefined": true
      },
      {
        "text": " and password : ",
        "userDefined": false
      },
      {
        "text": "1223",
        "alias": "channel-key",
        "meta": "@sys.number",
        "userDefined": true
      }
    ],
    "isTemplate": false,
    "count": 0,
    "updated": 1538853054
  },
  {
    "id": "d71e8d7b-ac3a-4f4d-a01f-ec313a78c3ac",
    "data": [
      {
        "text": "1234",
        "alias": "channel-key",
        "meta": "@sys.number",
        "userDefined": true
      }
    ],
    "isTemplate": false,
    "count": 0,
    "updated": 1538850202
  },
  {
    "id": "43e3cb42-e72d-4016-8b2e-9a94e4c75770",
    "data": [
      {
        "text": "google",
        "alias": "channel-name",
        "meta": "@sys.any",
        "userDefined": true
      }
    ],
    "isTemplate": false,
    "count": 0,
    "updated": 1538493713
  }
]