[
  {
    "id": "86ac1f0c-f54c-4a00-b0f0-c735b3dd20b3",
    "data": [
      {
        "text": "gabung",
        "userDefined": false
      }
    ],
    "isTemplate": false,
    "count": 0,
    "updated": 1538923905
  },
  {
    "id": "e5205535-1bb6-4811-b3c8-8cce205bdd01",
    "data": [
      {
        "text": "join",
        "userDefined": false
      }
    ],
    "isTemplate": false,
    "count": 0,
    "updated": 1538493344
  },
  {
    "id": "4cdb0b35-22a0-47f8-96fd-78f695f4ebcb",
    "data": [
      {
        "text": "join channel",
        "userDefined": false
      }
    ],
    "isTemplate": false,
    "count": 0,
    "updated": 1538493253
  }
]