[
  {
    "id": "0ec5d7bf-6d47-49da-ab25-53a2bed9dc5b",
    "data": [
      {
        "text": "pay ",
        "userDefined": false
      },
      {
        "text": "dinner",
        "alias": "transaction-name",
        "meta": "@sys.any",
        "userDefined": true
      },
      {
        "text": " to ",
        "userDefined": false
      },
      {
        "text": "Rob",
        "alias": "creditor-name",
        "meta": "@sys.any",
        "userDefined": true
      },
      {
        "text": " at channel ",
        "userDefined": false
      },
      {
        "text": "hore",
        "alias": "channel-name",
        "meta": "@sys.any",
        "userDefined": true
      },
      {
        "text": " : ",
        "userDefined": false
      },
      {
        "text": "IDR 67000",
        "alias": "transaction-amount",
        "meta": "@sys.number",
        "userDefined": true
      }
    ],
    "isTemplate": false,
    "count": 0,
    "updated": 1539005444
  },
  {
    "id": "26553ea8-eea1-4707-9527-12a1278b9685",
    "data": [
      {
        "text": "pay ",
        "userDefined": false
      },
      {
        "text": "lunch",
        "alias": "transaction-name",
        "meta": "@sys.any",
        "userDefined": true
      },
      {
        "text": " to ",
        "userDefined": false
      },
      {
        "text": "Debby",
        "alias": "creditor-name",
        "meta": "@sys.any",
        "userDefined": true
      },
      {
        "text": " : ",
        "userDefined": false
      },
      {
        "text": "150,000",
        "alias": "transaction-amount",
        "meta": "@sys.number",
        "userDefined": true
      }
    ],
    "isTemplate": false,
    "count": 0,
    "updated": 1539005444
  },
  {
    "id": "fc31f179-735e-400d-81a8-eb52d4c4743f",
    "data": [
      {
        "text": "I want to pay ",
        "userDefined": false
      },
      {
        "text": "debt",
        "meta": "@sys.ignore",
        "userDefined": false
      },
      {
        "text": " to ",
        "userDefined": false
      },
      {
        "text": "John",
        "alias": "creditor-name",
        "meta": "@sys.any",
        "userDefined": true
      }
    ],
    "isTemplate": false,
    "count": 0,
    "updated": 1539005444
  },
  {
    "id": "050f8c25-f6c2-41ca-abac-26aaf7152433",
    "data": [
      {
        "text": "100.000.000",
        "alias": "transaction-amount",
        "meta": "@sys.number",
        "userDefined": false
      }
    ],
    "isTemplate": false,
    "count": 0,
    "updated": 1539005444
  },
  {
    "id": "4f253ec7-2ba6-4b9a-9142-3c4507841aa3",
    "data": [
      {
        "text": "100000",
        "alias": "transaction-amount",
        "meta": "@sys.number",
        "userDefined": false
      }
    ],
    "isTemplate": false,
    "count": 0,
    "updated": 1539005444
  },
  {
    "id": "66647537-8e9e-4e32-9762-f582af989fc4",
    "data": [
      {
        "text": "debt",
        "meta": "@sys.ignore",
        "userDefined": false
      },
      {
        "text": " repayment",
        "userDefined": false
      }
    ],
    "isTemplate": false,
    "count": 0,
    "updated": 1538924091
  },
  {
    "id": "fb988db8-f13f-4c65-b007-c8a4c6249a9c",
    "data": [
      {
        "text": "pay my ",
        "userDefined": false
      },
      {
        "text": "debt",
        "meta": "@sys.ignore",
        "userDefined": false
      }
    ],
    "isTemplate": false,
    "count": 0,
    "updated": 1538924091
  },
  {
    "id": "70f2bfb7-4293-4728-9127-b26ab03593eb",
    "data": [
      {
        "text": "pay ",
        "userDefined": false
      },
      {
        "text": "50,000",
        "alias": "transaction-amount",
        "meta": "@sys.number",
        "userDefined": false
      }
    ],
    "isTemplate": false,
    "count": 0,
    "updated": 1539005444
  },
  {
    "id": "9a11e9cc-4c60-4d68-b702-201be8b189d5",
    "data": [
      {
        "text": "IDR ",
        "userDefined": false
      },
      {
        "text": "10,000",
        "alias": "transaction-amount",
        "meta": "@sys.number",
        "userDefined": true
      }
    ],
    "isTemplate": false,
    "count": 0,
    "updated": 1539005444
  },
  {
    "id": "9644fd22-87db-4ca1-b147-be8114e8e056",
    "data": [
      {
        "text": "pay debt",
        "userDefined": false
      }
    ],
    "isTemplate": false,
    "count": 0,
    "updated": 1538579177
  },
  {
    "id": "f8afe089-c4ea-41fc-b5bc-45b780810bff",
    "data": [
      {
        "text": "Settle debt",
        "userDefined": false
      }
    ],
    "isTemplate": false,
    "count": 0,
    "updated": 1538579177
  },
  {
    "id": "18fd5e4f-3609-4709-8782-ac83ef2e90cd",
    "data": [
      {
        "text": "I want to pay my debt",
        "userDefined": false
      }
    ],
    "isTemplate": false,
    "count": 0,
    "updated": 1538579177
  }
]