[
  {
    "id": "203a27bb-6ef3-4e31-aca4-1bdfa1f0e743",
    "data": [
      {
        "text": "I want to see payment recap ",
        "userDefined": false
      },
      {
        "text": "from 1 until 31 Jan 2018",
        "alias": "date-period",
        "meta": "@sys.date-period",
        "userDefined": false
      }
    ],
    "isTemplate": false,
    "count": 0,
    "updated": 1538924160
  },
  {
    "id": "7518d071-5f40-4c01-8bcb-e4d70b306716",
    "data": [
      {
        "text": "5 Jan - 7 Jan 2018",
        "alias": "date-period",
        "meta": "@sys.date-period",
        "userDefined": false
      }
    ],
    "isTemplate": false,
    "count": 0,
    "updated": 1538924160
  },
  {
    "id": "04de6297-6ff0-423e-af43-a4b463b4e854",
    "data": [
      {
        "text": "payment recap on ",
        "userDefined": false
      },
      {
        "text": "5 Jan 2018",
        "alias": "date-period",
        "meta": "@sys.date-period",
        "userDefined": true
      }
    ],
    "isTemplate": false,
    "count": 0,
    "updated": 1538924160
  },
  {
    "id": "ba58be1b-b71e-4387-9196-a37ea8b437fe",
    "data": [
      {
        "text": "payment recap",
        "userDefined": false
      }
    ],
    "isTemplate": false,
    "count": 0,
    "updated": 1538921048
  }
]